{
  "model/models-dbg.js": 1610114270984,
  "controller/App.controller.js": 1610114270992,
  "model/models.js": 1610114270984,
  "manifest.json": 1610125827844,
  "Component.js": 1610125799254,
  "manifest-bundle.zip": 1610125827677,
  "Component-preload.js": 1610125827825,
  "controller/App-dbg.controller.js": 1610114270992,
  "i18n/i18n.properties": 1610114270984,
  "Component-dbg.js": 1610125799254,
  "resources.json": 1610125827846,
  "view/App.view.xml": 1610114689715,
  "css/style.css": 1610114270984,
  "index.html": 1610117944432
}