{
  "controller/App-dbg.controller.js": 1610114270992,
  "Component.js": 1610121679963,
  "model/models.js": 1610114270984,
  "controller/App.controller.js": 1610114270992,
  "manifest.json": 1610121698363,
  "manifest-bundle.zip": 1610121698174,
  "Component-preload.js": 1610121698340,
  "i18n/i18n.properties": 1610114270984,
  "model/models-dbg.js": 1610114270984,
  "Component-dbg.js": 1610121679963,
  "resources.json": 1610121698366,
  "view/App.view.xml": 1610114689715,
  "css/style.css": 1610114270984,
  "index.html": 1610117944432
}